File,u_amp,K,T,L
step_response_0.8V.csv,121.212121,0.00792787611359868,0.259851801555049,0
step_response_1.6V.csv,242.424242,0.0255878968691708,0.174263181295098,0
step_response_2.4V.csv,363.636364000003,0.029285289482602,0.147803239863924,0
step_response_3.2V.csv,484.848485000004,0.0256194032969233,0.124252866663218,0
